"id";"sex";"age";"language";"occupation";"education";"monthly_net_income";"clarity_task";"definition_risk"
332;"m";35;"Italienisch";"Finance Manager";"Master, Diplom (oder Vergleichbares)";"8001-9000";3;"Hohe VerdienstmÌ¦glichkeit, aber auch hohe Verluste, hohe Abweichung"
334;"m";49;"Hochdeutsch";"Bauzeichner / CAD";"Grund-, Haupt-, oder Realschule";"2001-3000";4;"Dies bedeutet fÌ_r mich dass es eine hohe Wahrscheinlichkeit gibt dass die Aktie tief fallen kann, und ich somit damit rechnen muss das angelegte Geld zu verlieren. Im Umkehrschluss ist wahrscheinlich auch mit relativ hohen Gewinnen zu rechnen."
335;"w";34;"Hochdeutsch";"BÌ_ro/Verwaltung";"Grund-, Haupt-, oder Realschule";"unter1000";4;"Ich denke, mit dem  hohen Risiko  ist die Chance eines Verlustes weitaus grÌ¦ÌÙer. Es ist unwahrscheinlicher, hohe Gewinne zu erlangen. "
336;"w";52;"Hochdeutsch";"SelbstÌ_ndiger Coach";"Master, Diplom (oder Vergleichbares)";"KeineAngabe";5;"mÌ¦gliche hohe Gewinne, bei gleichzeitigem Verlustrisiko"
337;"w";26;"Hochdeutsch";"Studentin";"Abitur/Matura (oder Vergleichbares)";"unter1000";5;"Eine Aktie mit hohem Risiko bedeutet, dass die VolatilitÌ_t sehr hoch ist und die Wahrscheinlichkeit sehr hoch ist, dass ich nach einem Jahr mit einem Verlust verkaufe."
338;"m";40;"Hochdeutsch";"-99";"Abitur/Matura (oder Vergleichbares)";"KeineAngabe";4;"Ein groÌÙes Risiko bietet auch immer eine groÌÙe Chance. Diese Chance sollte man aber nur ergreifen, wenn der potentiell daraus entstehende Verlust zu verkraften ist."
347;"m";30;"Hochdeutsch";"Bestatter";"Grund-, Haupt-, oder Realschule";"1001-2000";4;"das man sein Geld verlieren kann"
348;"m";32;"Hochdeutsch";"Disponent";"Abitur/Matura (oder Vergleichbares)";"1001-2000";4;"Sie ist unberechenbar"
351;"m";36;"Hochdeutsch";"System- und Anwendungsbetreuuer SAP System";"Andere";"3001-4000";5;"Ein hohes Risiko bedeutet dass es sehr wahrscheinlich ist dass die Aktie sehr stark an Wert verlieren kann"
353;"w";22;"Hochdeutsch";"Student ";"Abitur/Matura (oder Vergleichbares)";"unter1000";4;"Das ihr Verlauf nicht vorhergesagt werden kann und es somit sein kann, dass ihr Wert schon kurz nach Kauf an erheblichen Wert verliert. "
355;"m";38;"Hochdeutsch";"BÌ_rokaufmann";"Grund-, Haupt-, oder Realschule";"2001-3000";5;"Es beunruhigt mich ein wenig"
357;"m";32;"Hochdeutsch";"GesundheitsÌ¦konomie";"Doktor (oder hÃ¶her)";"2001-3000";3;"FÌ_r mich bedeutet dies, dass der Kurs stark schwankt. "
358;"m";47;"Hochdeutsch";"Crowdworker";"Grund-, Haupt-, oder Realschule";"unter1000";3;"hohe VolalitÌ_t, wenig Eigenkapital, viel Phantasie im Kurs"
359;"m";56;"Hochdeutsch";"Betriebswirt";"Master, Diplom (oder Vergleichbares)";"2001-3000";4;"Totalverlust ist mÌ¦glich"
360;"m";52;"Hochdeutsch";"SelbststÌ_ndiger Autor";"Master, Diplom (oder Vergleichbares)";"1001-2000";4;"Im Extremfall kann ich bei einem hohen Risiko das gesamte investierte Geld verlieren. "
361;"m";39;"Hochdeutsch";"Vertriebsleiter";"Master, Diplom (oder Vergleichbares)";"4001-5000";5;"Ein  hohes Risiko  bedeutet ein Verlustrisiko verbunden mit hohen Gewinnerwartungen. Die Aktie hat eine hohe VolatilitÌ_t."
362;"m";42;"Hochdeutsch";"kaufmÌ_nnischer Angesteller";"Abitur/Matura (oder Vergleichbares)";"2001-3000";5;"Die Kursschwankungen kÌ¦nnen sehr stark sein.  Entweder hoher Gewinn ist mÌ¦glich oder auch ein hoher Verlust bzw. Total-Verlust."
363;"m";26;"Hochdeutsch";"Systemadministrator";"Abitur/Matura (oder Vergleichbares)";"6001-7000";5;"Dann bringt sie eine hohe Rendite. Allerdings droht Totalverlust. "
364;"m";41;"Hochdeutsch";"Chemielaborant";"Grund-, Haupt-, oder Realschule";"3001-4000";5;"Es aber durchaus sein kann,dass bei der Aktie eine hohe Rendite rausspringt. Genauso kann es aber auch zum Totalverlust kommen."
365;"m";36;"Hochdeutsch";"Ingenieur";"Bachelor (oder Vergleichbares)";"3001-4000";5;"hohe Gewinnchancen, aber auch das Gegenteil"
366;"m";40;"Hochdeutsch";"arbeitssuchend";"Grund-, Haupt-, oder Realschule";"unter1000";5;"Finger weg."
367;"w";29;"Hochdeutsch";"Sozialwissenschaftlerin";"Doktor (oder hÃ¶her)";"2001-3000";4;"Die Wahrscheinlichkeit, Verluste einzufahren, ist hoch"
368;"w";36;"Hochdeutsch";"Pharmazeutisch-kaufmÌ_nnische Angestellte";"Abitur/Matura (oder Vergleichbares)";"KeineAngabe";5;"Das bedeutet, dass man durch den Erwerb der Aktie auch einen hohen Verlust machen kÌ¦nnte."
369;"m";44;"Hochdeutsch";"IT-Spezialist";"Grund-, Haupt-, oder Realschule";"2001-3000";5;"Ein mÌ¦glicher hoher Gewinn, aber auch die MÌ¦glichkeit, alles zu verlieren."
370;"m";37;"Hochdeutsch";"Student";"Master, Diplom (oder Vergleichbares)";"2001-3000";4;"Hohes Risiko bedeutet ein mÌ¦glicher sehr hoher Verlust, bis zu allem. Sichere haben dagegen weniger Schwankungen."
371;"w";46;"Hochdeutsch";"Personalreferentin";"Abitur/Matura (oder Vergleichbares)";"2001-3000";5;"Wenn ich in einer Aktie mit einem hohen Risiko anlege, dann kann ich GlÌ_ck haben und einen Gewinn damit erwirtschaften. Ich muss aber auch damit rechnen, dass ich das ganze angelegte Geld verliere."
372;"w";60;"Hochdeutsch";"Angestelle";"Grund-, Haupt-, oder Realschule";"1001-2000";4;"Wenn eine Aktie ein hohes Risiko aufweist kann man, wenn es gut geht einen hohen Gewinn machen, die Wahrscheinlichkeit sein Geld zu verlieren ist relativ hoch."
373;"m";37;"Hochdeutsch";"selbststÌ_ndig ";"Abitur/Matura (oder Vergleichbares)";"unter1000";3;"ein hohes Risiko wÌ_re fÌ_r mich, dass die Aktie nachhaltig an Wert verliert"
374;"w";24;"Hochdeutsch";"Assistentin Verkaufs- und Marketingleitung";"Abitur/Matura (oder Vergleichbares)";"3001-4000";3;"Wenn eine Aktie ein hohes Risiko aufweist, bedeutet das fÌ_r mich, dass ich ein hohes Risiko habe Geld zu verlieren oder auch zu gewinnen."
375;"m";28;"Hochdeutsch";"Student";"Bachelor (oder Vergleichbares)";"1001-2000";5;"hohe Rendite mÌ¦glich aber auch ein total Verlust des Geldes mÌ¦glich "
376;"m";43;"Hochdeutsch";"KÌ_nstler";"Master, Diplom (oder Vergleichbares)";"unter1000";5;"Dann ist sie fÌ_r grÌ¦ÌÙere oder lÌ_ngerfristige Anlagen ungeeignet. "
377;"w";47;"Hochdeutsch";"selbstÌ_ndig";"Grund-, Haupt-, oder Realschule";"KeineAngabe";5;"Sehr hohe Schwankungen an der BÌ¦rse. Letztendlich ist durch totalen Absturz der Aktie das investierte Kapital verloren."
379;"m";27;"Hochdeutsch";"arbeitssuchend";"Grund-, Haupt-, oder Realschule";"unter1000";5;"/"
382;"w";33;"Hochdeutsch";"VerkÌ_ufer";"Abitur/Matura (oder Vergleichbares)";"2001-3000";3;"Verlust"
383;"m";51;"Hochdeutsch";"Ingenieur";"Master, Diplom (oder Vergleichbares)";"1001-2000";4;"hohe VolatilitÌ_t, Risiko des Totalverlustes, keine langjÌ_hrige Dividente, unklare Zukunftsaussichten der Firma"
384;"w";48;"Hochdeutsch";"Hausfrau (ehem. Bankangestellte)";"Abitur/Matura (oder Vergleichbares)";"4001-5000";5;"Mit Risiko verbinde ich den finanziellen Verlust, der sich bei Verkauf er Aktie ergeben wÌ_rde."
385;"m";60;"Hochdeutsch";"Rentner";"Master, Diplom (oder Vergleichbares)";"1001-2000";5;"Aktie kann zum Totalverlust fÌ_hren"
387;"w";33;"Hochdeutsch";"Angestellte";"Master, Diplom (oder Vergleichbares)";"1001-2000";3;"Es bedeutet fÌ_r mich, dass die Aktie nicht stabil ist/bleibt. Es kann sehr schnell zu Gewinnen kommen, aber auch sehr schnell zu Verlusten."
389;"w";41;"Hochdeutsch";"Bid Manager";"Master, Diplom (oder Vergleichbares)";"2001-3000";3;"nicht handeln"
390;"m";22;"Hochdeutsch";"Handelsfachwirt";"Abitur/Matura (oder Vergleichbares)";"KeineAngabe";4;"Hohes Risiko -> hoher Gewinn mÌ¦glich "
391;"m";48;"Hochdeutsch";"SelbststÌ_ndig";"Abitur/Matura (oder Vergleichbares)";"KeineAngabe";5;"Es besteht die MÌ¦glichkeit, viel Geld zu verlieren"
392;"w";54;"Hochdeutsch";"Sachbearbeitung";"Abitur/Matura (oder Vergleichbares)";"unter1000";5;"Das investierte Geld kann ganz oder teilweise verloren sein beim Wiederverkauf."
394;"w";48;"Hochdeutsch";"-99";"Master, Diplom (oder Vergleichbares)";"KeineAngabe";5;"Das wÌ_rde fÌ_r mich bedeuten, dass der Kurs der Aktie stark schwanken kann und ich mÌ¦glicherweise hohe Verluste habe."
395;"m";30;"Hochdeutsch";"Systemadministrator";"Abitur/Matura (oder Vergleichbares)";"1001-2000";5;"Die Wahrscheinlichkeit einen Verlust zu erzielen ist sehr hoch, dafÌ_r ist aber auch der zu erzielende Gewinn sehr hoch."
396;"w";25;"Hochdeutsch";"VerkÌ_uferin";"Abitur/Matura (oder Vergleichbares)";"3001-4000";4;"Hart verdientes Geld ist weg --> ExistenzÌ_ngste"
397;"w";34;"Hochdeutsch";"Webdesign";"Master, Diplom (oder Vergleichbares)";"unter1000";4;"Hohe Verluste."
398;"w";37;"Hochdeutsch";"Journalist";"Bachelor (oder Vergleichbares)";"1001-2000";5;"Wenn ich eine Aktie mit einem hohen Risiko kaufe, kÌ¦nnte ich zwar grÌ¦ÌÙere Gewinne machen, als bei Aktien mit geringerem Risiko; zugleich besteht aber auch eine viel grÌ¦ÌÙere Gefahr enorme Verluste mit einer risikoreichen Aktie zu machen."
399;"w";31;"Andere";"ich biin Studentin und studentische Hilfskraft an einer UniversitÌ_t";"Abitur/Matura (oder Vergleichbares)";"unter1000";4;"dass es um viel Geld geht und man ein hohes Verlustrisiko hat"
400;"w";40;"Hochdeutsch";"Frei berufler";"Abitur/Matura (oder Vergleichbares)";"2001-3000";5;"Eine Investition kann hohe Gewinne wie einen total Verlust bedeuten.  Ein einstieg in diesen Aktien sind besonders spannend."
402;"w";30;"Hochdeutsch";"Hausfrau";"Grund-, Haupt-, oder Realschule";"unter1000";4;"dass ich bei der Anlage Geld verlieren kÌ¦nnte, aber auch viel gewinnen kÌ¦nnte"
403;"m";25;"Hochdeutsch";"Student";"Abitur/Matura (oder Vergleichbares)";"unter1000";5;"Bei dem Risiko geht es darum, ob ein Steigen oder Fallen des Aktienpreises vorhergesagt wird."
404;"w";28;"Englisch";"Suche mein kind";"Bachelor (oder Vergleichbares)";"1001-2000";3;"HÌ_ufig Verluste,GroÌÙe prozentuale Chance auf Kapitalverlust"
406;"w";47;"Hochdeutsch";"Sachbearbeiterin";"Abitur/Matura (oder Vergleichbares)";"1001-2000";5;"man weiss nicht in welche Richtung sich die Aktie entwickelt"
408;"m";52;"Hochdeutsch";"VerkÌ_ufer im Einzelhandel";"Grund-, Haupt-, oder Realschule";"2001-3000";5;"Wenn einen fÌ_r mich hohen Betrag investiere und die Aktie danach stark fÌ_llt"
409;"m";57;"Hochdeutsch";"Rentner";"Bachelor (oder Vergleichbares)";"1001-2000";5;"ein hohes risiko bedeutet die wahrscheinlichkeit eines totalverlustes seiner investition"
410;"w";34;"Hochdeutsch";"FachverkÌ_uferin";"Abitur/Matura (oder Vergleichbares)";"unter1000";5;"Das sie hÌ¦chst wahrscheinlich Verluste einbringt."
411;"anders";35;"Hochdeutsch";"Herstellung Holzdesign";"Grund-, Haupt-, oder Realschule";"unter1000";5;"fÌ_r mich persÌ¦nlich nichts. "
412;"m";55;"Hochdeutsch";"selbstÌ_ndig";"Abitur/Matura (oder Vergleichbares)";"1001-2000";4;"Es besteht die Gefahr, Verluste zu erleiden bis zum Totalverlust"
414;"m";32;"Hochdeutsch";"Betriebswirt";"Master, Diplom (oder Vergleichbares)";"2001-3000";4;"MÌ¦glichkeit eines Totalverlustes sehr hoch"
415;"m";31;"Hochdeutsch";"Student";"Bachelor (oder Vergleichbares)";"2001-3000";5;"Ich wÌ_rde nur einen Teil meines Kapitals einsetzen, da ein Totalverlustrisiko besteht. Auf der anderen Seite bietet die  risikoreiche  Aktie auch eine Chance auf hohe Gewinne."
416;"m";33;"Hochdeutsch";"Beamter";"Abitur/Matura (oder Vergleichbares)";"3001-4000";5;"FÌ_r mich ist es eine schlechte Geldanlage, da Sicherheit fÌ_r mich besonders wichtig ist. Sollte ich mal mehr Geld haben, als ich benÌ¦tige wÌ_rde ich riskantere Anlagen in Betracht ziehen, da diese oft hÌ¦here Renditen aufweisen. Wenn man aber auf seine Geldanlagen abgewiesen ist, gehe ich lieber auf Nummer sicher."
417;"w";18;"Hochdeutsch";"Studentin";"Abitur/Matura (oder Vergleichbares)";"1001-2000";5;"Risiko eines Totalverlusts bzw. Unsicherheit des mit der Aktie verbundenen Unternehmens."
418;"m";53;"Hochdeutsch";"IT Kaufmann";"Abitur/Matura (oder Vergleichbares)";"1001-2000";5;"Eine Aktie mit hohem Risiko hat mit Sicherheit verschiedene Ursachen. Risiko Aktien sind meiner Meinung nach Aktien, welche entweder neu und ohne wirtschaftliche RÌ_ckendeckung auf dem Markt sind. Ebenso politische und wirtschaftlich schwache Staaten im Hintergrund aufweisen. "
419;"w";25;"Hochdeutsch";"Studentin";"Bachelor (oder Vergleichbares)";"unter1000";5;"Ein hohes Risiko bedeutet, dass bei Kauf der Aktie ein potentielles Risiko des Verlustes besteht!"
421;"m";19;"Hochdeutsch";"Fachinformatiker";"Abitur/Matura (oder Vergleichbares)";"unter1000";4;"Entweder man macht damit hohen Gewinn oder hohen Verlust"
422;"w";25;"Hochdeutsch";"Controller";"Master, Diplom (oder Vergleichbares)";"3001-4000";4;"ErhÌ¦hte Chance auf Rendite"
424;"w";20;"Hochdeutsch";"studieren";"Abitur/Matura (oder Vergleichbares)";"1001-2000";4;"Das man viel Geld verlieren kann, da es sehr gut sein kann das der Wert fÌ_llt."
425;"w";35;"Hochdeutsch";"Wissenschaftlerin";"Doktor (oder hÃ¶her)";"1001-2000";4;"Eine Aktie mit einem hohen Risiko kann sehr hohe Gewinne erwirtschaften, dafÌ_r besteht aber auch die MÌ¦glichkeit eines hohen, wenn nicht totalen Verlustes."
426;"w";30;"Hochdeutsch";"SelbststÌ_ndig";"Master, Diplom (oder Vergleichbares)";"1001-2000";4;"Dass die Schwankungen des Wertes sehr hoch sind und es sich nicht gut voraussagen lÌ_sst, wie sich der Aktienwert entwickeln wird. Gleichzeitig kann bei Steigerung des Aktienwertes ein hoher Gewinn erzielt werden, beim Fallen des Wertes aber auch ein hoher Verlust."
427;"m";56;"Hochdeutsch";"Angestellter";"Grund-, Haupt-, oder Realschule";"2001-3000";4;"Dass hohe Verluste einkalkuliert werden mÌ_ssen. Aber auch hohe Kursgewinne mÌ¦glich sind."
429;"m";21;"Hochdeutsch";"Student BWL";"Abitur/Matura (oder Vergleichbares)";"unter1000";4;"Hohes Risiko bedeutet fÌ_r mich hohe VolatilitÌ_t der Aktie, verbunden mit unsicheren Dividendenauszahlungen, unter UmstÌ_nden wegen einer schlechten wirtschaftlichen Lage des Unternehmens bzw. fehlender Transparenz. In fernen lÌ_nden spielt auch das politische Risiko eine groÌÙe Rolle (she. momentan TÌ_rkei). "
431;"m";29;"Hochdeutsch";"Student";"Bachelor (oder Vergleichbares)";"unter1000";4;"Ein Totalverlust kann drohen. Ich kann meine Investitionen verlieren, kann allerdings im Gegenzug auch hohe Gewinne einfahren."
433;"m";60;"Hochdeutsch";"Baukalkulator";"Bachelor (oder Vergleichbares)";"1001-2000";3;"In diesem Fall kann man alles verlieren."
434;"m";34;"Hochdeutsch";"Software-Entwickler";"Bachelor (oder Vergleichbares)";"1001-2000";5;"Ein hohes Risiko kann hohen Verlust aber auch hohen Gewinn bedeuten, es ist keine sichere Anlage fÌ_r Ersparnisse, jedoch eine Chance, um mit fundiertem Wissen viel Gewinn zu erzielen."
435;"m";33;"Hochdeutsch";"SelbstÌ_ndig (Medien)";"Bachelor (oder Vergleichbares)";"KeineAngabe";4;" Hohes Risiko  in diesem Zusammenhang bedeutet fÌ_r mich, dass die Gefahr hoch ist, das eingesetzte Kapital zu verlieren - also dass die Aktie abstÌ_rzt und sich nicht in einem Ì_berschaubaren Zeitraum erholen kann.    Achtung, eine Anmerkung noch zu den Fragen vorher (ich schreibe es mal hier rein, da ich nicht weiÌÙ, ob spÌ_ter noch ein Feld fÌ_r mÌ¦gliche Anmerkungen kommt:  Bei den Fragen zur prozentualen EinschÌ_tzung eines Verlustrisikos habe ich bei den ersten paar LÌ_ndern fÌ_lschlicherweise gelesen  wie hoch schÌ_tzen Sie die durchschnittliche Wahrscheinlichkeit ein, mit dieser Aktie in einem zufÌ_llig ausgewÌ_hlten Jahr GEWINN zu erzielen . Dementsprechend habe ich dann beispielsweise bei den USA 85% angegeben - die eigentlich fÌ_r die Frage nach dem durchschnittlichen Verlust gedachte Antwort wÌ_re aber 15% gewesen. An Hand der Prozentzahlen mÌ_sste eigentlich gut nachvollziehbar sein, bei wievielen LÌ_ndern ich das anfangs vertauscht habe."
436;"w";32;"Hochdeutsch";"tourismus";"Master, Diplom (oder Vergleichbares)";"4001-5000";5;"dann kaufe ich sie nicht"
438;"m";29;"Hochdeutsch";"Assistent Automobilbranche ";"Abitur/Matura (oder Vergleichbares)";"1001-2000";3;"Hohes Risiko bedeutet auch hohe Chancen "
440;"m";40;"Hochdeutsch";"Betriebswirt";"Bachelor (oder Vergleichbares)";"2001-3000";5;"Dann ist die Gefahr das die Aktie an Wert verlieren recht hoch."
441;"m";34;"Hochdeutsch";"Polizeibeamter";"Master, Diplom (oder Vergleichbares)";"4001-5000";5;"Man kann hohe Kursverluste erzielen. "
442;"w";53;"Hochdeutsch";"selbststÌ_ndig";"Master, Diplom (oder Vergleichbares)";"1001-2000";5;"Hohes Risiko bedeutet fÌ_r mich, dass sich der Aktienkurs so entwickelt, dass die Aktie Ì_ber einen langen Zeitraum weniger wert ist, als ich dafÌ_r bezahlt habe. Falls ich innerhalb dieses Zeitraums verkaufen mÌ¦chte oder mÌ_sste, wÌ_rde ich einen hohen Verlust realisieren."
443;"m";25;"Hochdeutsch";"Keine Angabe";"Grund-, Haupt-, oder Realschule";"1001-2000";5;"Gewinn oder Verlust sind extremer je hÌ¦her das Risiko."
446;"m";39;"Hochdeutsch";"Key Account Manager";"Grund-, Haupt-, oder Realschule";"1001-2000";4;"Wenn eine Aktie ein hohes Risiko aufweist, dann wÌ_re die Rendite sehr hoch. "
447;"m";49;"Hochdeutsch";"Webdesigner";"Master, Diplom (oder Vergleichbares)";"2001-3000";4;"#NAME?"
448;"m";43;"Hochdeutsch";"Softwareentwickler";"Master, Diplom (oder Vergleichbares)";"2001-3000";4;"Riskant sind Aktien kleiner Unternehmen oder von Unternehmen, die erst seit kurzem existieren. Je hÌ¦her die Gewinnchance umso hÌ¦her ist auch das Risiko, das eine Aktie aufweist."
449;"anders";21;"Hochdeutsch";"Student ";"Abitur/Matura (oder Vergleichbares)";"unter1000";3;"KÌ¦nnte schnell steigen oder fallen "
450;"m";49;"Hochdeutsch";"Werbeagentur";"Grund-, Haupt-, oder Realschule";"1001-2000";4;"Es ist nicht kalkulierbar wenn ich Geld brauche z.B. Finanzierung oder Altersvorsorge."
451;"m";23;"Hochdeutsch";"Student";"Abitur/Matura (oder Vergleichbares)";"unter1000";5;"Das Risiko des Geldverlustes ist hoch. D.h. Der Aktienkurs wird mit hoher Warscheinlichkeit fallen und wir unser Geld in einem gewissen MaÌÙe verlieren. Wenn die Aktie ein hohes Risiko aufweist kann es aber natÌ_rlich auch passieren, dass sie ansteigt und wir das investieren in das  hohe Risiko  auch gut vergÌ_tet bekommen. "
452;"w";45;"Hochdeutsch";"SelbstÌ_ndige Kauffrau";"Abitur/Matura (oder Vergleichbares)";"3001-4000";5;"Dann investiere ich nicht so viel, wie Ì_blich, da ich Angst vor hohen Verlusten habe. Wenn die Aktie dann aber Ì_berdurchschnittlich steigt, Ì_rgere ich mich, dass ich so vorsichtig war."
453;"m";57;"KeineAngabe";"selbstÌ_ndig Finanzen";"Master, Diplom (oder Vergleichbares)";"KeineAngabe";4;"Risiko = Chance. Je hÌ¦her das Risiko desto hÌ¦her Gewinn oder Verlust"
455;"m";22;"Hochdeutsch";"Werkzeugmechaniker";"Abitur/Matura (oder Vergleichbares)";"1001-2000";4;"Ein hohes Risiko bedeutet, dass die Aktie sehr schnell hohe Verluste aufweisen kann, aber es sind auch hÌ¦here Gewinne mÌ¦glich."
456;"w";31;"Hochdeutsch";"SozialpÌ_dagogin";"Bachelor (oder Vergleichbares)";"1001-2000";3;"Ich vermute, dass die Aktie dann weniger stabil ist und man sowohl viel gewinnen kann als auch viel verlieren kann. "
459;"m";23;"Hochdeutsch";"BitcoinMining";"Grund-, Haupt-, oder Realschule";"1001-2000";3;"Risiko=Gewinn/Totalverlust  "
460;"m";35;"Hochdeutsch";"Vertriebsmitarbeiter ";"Abitur/Matura (oder Vergleichbares)";"2001-3000";3;"Mir kann es passieren das mein Geld nicht verfÌ_gbar ist wenn ich es benÌ¦tige. Oder es sogar ganz weg ist. "
461;"m";21;"Hochdeutsch";"Industriekaufmann";"Abitur/Matura (oder Vergleichbares)";"unter1000";5;"ein hohes Risiko kÌ¦nnte eine hohe Rendite erbringen, was sich persÌ¦nlich ssehr reizvoll anhÌ¦rt, allerding sollte man vorsichtig sein"
463;"m";32;"Hochdeutsch";"Student";"Bachelor (oder Vergleichbares)";"unter1000";4;"Hohe VolatilitÌ_t"
464;"m";61;"Hochdeutsch";"Koch";"Grund-, Haupt-, oder Realschule";"1001-2000";3;"Kann leider dazu nichts sagen habe keine Kenntnisse Ì_ber Aktien  mÌ¦chte dazu sagen Finger weg davon!!"
465;"m";30;"Hochdeutsch";"informatiker";"Bachelor (oder Vergleichbares)";"1001-2000";5;"eine hohe gefahr verluste einzufahren"
466;"w";42;"Hochdeutsch";"arbeitslos";"Grund-, Haupt-, oder Realschule";"unter1000";5;"ein hohes risiko wenn die aktie im minus ist"
467;"w";33;"Hochdeutsch";"Schifffahrtskauffrau";"Bachelor (oder Vergleichbares)";"KeineAngabe";3;"Hohes Risiko in beide Richtungen, es kann eine hohe Rendite erwirtschaftet werden aber es besteht auch eine nicht zu verachtende prozentuale MÌ¦glichkeit eines groÌÙen Verlusts / des Totalverlusts. z. B. wird nur in eine Firma investiert und man kann nicht sagen wie z. B. eine bestimmte relevante Entscheidung ausfallen wird, welche dann extreme ZuwÌ_chse oder auch Verluste aufweisen kann"
469;"w";31;"Hochdeutsch";"Bankkauffrau";"Abitur/Matura (oder Vergleichbares)";"2001-3000";5;"hohe VolatilitÌ_t"
470;"w";49;"Hochdeutsch";"Kauffrau";"Master, Diplom (oder Vergleichbares)";"2001-3000";5;"FÌ_r mich bedeutet Risiko, dass zum einen ein hoher Gewinn erwirtschaftet werden kann mit der Aktie bei gutem Verlauf, aber zum anderen auch ein hohes Risiko dabei ist Verlust zu machen. "
471;"m";28;"Hochdeutsch";"Student";"Bachelor (oder Vergleichbares)";"unter1000";5;"Eine Aktie hat fÌ_r mich ein hohes Risiko, wenn sie neu auf dem Markt ist, von einem jungen Unternehmen stammt, von bestimmten Trends abhÌ_ngt (Beispiel:  Social Media ) oder in der Vergangenheit hohe Kursschwankungen hatte."
473;"w";33;"Hochdeutsch";"Friseurin";"Bachelor (oder Vergleichbares)";"1001-2000";4;"Das man damit kein Geld verdienen kann?"
477;"m";51;"Hochdeutsch";"KaufmÌ_nischer Angestellter";"Grund-, Haupt-, oder Realschule";"2001-3000";4;"Verlust des eingesetzten Kapital ist mÌ¦glich. Deswegen nur mit dem investieren was man Ì_ber hat"
481;"w";28;"Hochdeutsch";"Krankenschwester";"Abitur/Matura (oder Vergleichbares)";"1001-2000";5;"dass man die Aktie evtl verliert und sie kein Geld einbringt"
482;"m";19;"Hochdeutsch";"Finanzwirt";"Abitur/Matura (oder Vergleichbares)";"2001-3000";4;"Sie kann schnell fallen oder das Geld nach kurzer Zeit komplett verloren sein. "
486;"m";27;"Hochdeutsch";"Student ";"Bachelor (oder Vergleichbares)";"KeineAngabe";5;"Hohe Angst vor total Verlust "
487;"m";30;"Hochdeutsch";"-";"Bachelor (oder Vergleichbares)";"2001-3000";4;"Hohes Risiko = Verlust warhscheinlich.  Geringes Risiko = Gewinn wahrscheinlich."
488;"m";33;"Hochdeutsch";"Finanzcontroller";"Master, Diplom (oder Vergleichbares)";"4001-5000";4;"Die Aktie ist sehr volatil. Das Unternehmen weist keine konstanten Gewinne aus und die Kosten des Unternehmens sind sehr hoch. Das KBV ist grÌ¦ÌÙer als 30."
489;"w";26;"Hochdeutsch";"Techniker";"Bachelor (oder Vergleichbares)";"3001-4000";4;"#NAME?"
490;"m";34;"Hochdeutsch";"Teamleiter Buchhaltung";"Abitur/Matura (oder Vergleichbares)";"1001-2000";5;"Es besteht die Gefahr des Totalverlustes meines eingesetzten VermÌ¦gens. Daher wÌ_rde ich nicht in solche Aktien investieren."
491;"w";47;"Hochdeutsch";"Angestellt";"Bachelor (oder Vergleichbares)";"2001-3000";4;"Das ich diese nur mit Verlust verkaufen kann.  Firma, die Aktie verkauft, ist nicht stabil, Produkte nicht nachgefragt."
492;"w";32;"Hochdeutsch";"SelbststÌ_ndig";"Bachelor (oder Vergleichbares)";"unter1000";5;"hohe VolatilitÌ_t, hohe Verlustchancen"
494;"w";30;"KeineAngabe";"staatlich anerkannte Erzieherin";"Grund-, Haupt-, oder Realschule";"1001-2000";4;"Mein Mann macht meistens unsere AktiengeschÌ_fte, fragt mich aber immer um meine Meinung. Wenn ich  hohes Risiko  lese bin ich eher abgeneigt darin Geld zu investieren. Lieber mache ich in der gleichen Laufzeit weniger Gewinn aber fÌ_hl mich dabei sicherer."
495;"w";28;"Hochdeutsch";"Controller";"Master, Diplom (oder Vergleichbares)";"2001-3000";4;"hohes Risiko bedeutet fÌ_r mich eine hohe Schwankungsbreite des Aktienkurses sowie das Risiko eines Totalausfalls"
496;"w";39;"Hochdeutsch";"Mediaberaterin";"Bachelor (oder Vergleichbares)";"1001-2000";5;"Wenn ich einen hohen Betrag investiere und die Aktie fÌ_llt"
498;"m";49;"Hochdeutsch";"IT Berater";"Abitur/Matura (oder Vergleichbares)";"KeineAngabe";5;"Es droht ein Totalausfall oder unkalkulierbare Verluste, aber auch Chancen auf hohe Gewinne. Ein aktives Management und stetes Lauschen an Neuigkeiten aus dem Aktienmarkt ist ratsam."
499;"m";45;"Hochdeutsch";"Softwareentwickler";"Master, Diplom (oder Vergleichbares)";"2001-3000";4;"Hohe VolatilitÌ_t"
500;"m";37;"Andere";"-";"Abitur/Matura (oder Vergleichbares)";"unter1000";5;"-"
503;"w";45;"Hochdeutsch";"Freiberufler";"Abitur/Matura (oder Vergleichbares)";"1001-2000";4;"#NAME?"
504;"w";44;"Hochdeutsch";"VerkÌ_uferin";"Grund-, Haupt-, oder Realschule";"1001-2000";5;"Geldverlust"
505;"m";35;"Hochdeutsch";"architekt";"Doktor (oder hÃ¶her)";"6001-7000";5;"hoher verlust"
506;"w";35;"Hochdeutsch";"Bauingenieur ";"Bachelor (oder Vergleichbares)";"2001-3000";5;"Dass die Gefahr einer finanzieller EinbuÌÙe recht hoch ist, jedoch gleichzeitig extrem hohe Gewinne dabei herausspringen kÌ¦nnen, wenn es gut lÌ_uft,"
507;"w";35;"Hochdeutsch";"Hausfrau, Pflege eines AngehÌ¦rigen";"Bachelor (oder Vergleichbares)";"unter1000";5;"das Riskio ist hoch, dass der Aktienkurs fÌ_llt"
508;"m";18;"Hochdeutsch";"Student";"Abitur/Matura (oder Vergleichbares)";"unter1000";4;"Hohes Risiko bedeutet fÌ_r mich die MÌ¦glichkeit auf hohen Gewinn, aber auch eine hÌ¦here Wahrscheinlichkeit eines Totalverlusts."
509;"w";53;"Hochdeutsch";"ÌÏbersetzen";"Master, Diplom (oder Vergleichbares)";"KeineAngabe";5;"Es liegt ein hohes Risiko vor, das investierte Geld zu verlieren."
510;"w";29;"Hochdeutsch";"Erzieherin in Elternzeit";"Abitur/Matura (oder Vergleichbares)";"1001-2000";5;"Das bedeutet dass die Wahrscheinlichkeit groÌÙ ist, Verluste zu erzielen."
511;"m";22;"Hochdeutsch";"Student";"Abitur/Matura (oder Vergleichbares)";"unter1000";5;"Dass die Wahrscheinlichkeit, dass man einen Verlust erzielt, Ì_ber 50% liegt"
512;"m";27;"Hochdeutsch";"QualitÌ_tssicherung";"Master, Diplom (oder Vergleichbares)";"2001-3000";5;"Sehr hohe Kursschwankungen deuten auf ein hohes Risiko hin, da man dann mehr Verluste haben kann bzw. sich der Kurs ggf. nicht mehr erhÌ¦ht, wodurch der Verkaufspreis geschmÌ_lert wird."
513;"m";30;"Hochdeutsch";"Vertrieb";"Abitur/Matura (oder Vergleichbares)";"1001-2000";3;"Bei einem hohem Risiko, steigt sowohl die HÌ¦he des Gewinns als auch der Totalverlust. Je hÌ¦her das Risiko, desto mehr kann ich Gewinnen aber ebenso auch alles und mehr verlieren."
514;"m";41;"Hochdeutsch";"Callcenter Mitarbeiter ";"Bachelor (oder Vergleichbares)";"unter1000";4;"Der Begriff Risiko ist wertneutral zu verstehen. Er bedeutet Chancen aber auch Verluste zu bekommen "
515;"w";50;"Hochdeutsch";"Angestellte";"Grund-, Haupt-, oder Realschule";"2001-3000";5;"Dass die MÌ¦glichkeit hoch ist, dass das investierte Geld in manchen Jahren durch fallende Aktienkurse geringer wird"
516;"w";32;"Hochdeutsch";"Assistentin";"Bachelor (oder Vergleichbares)";"1001-2000";5;"Das ich nicht mein gesamtes Kapital investieren werde, sondern in verschiedene Anlageformen gehen. Normalerweise versprechen Aktien mit hohem Risiko hÌ¦here Gewinne, aber ob ich diese wirklich kaufen wÌ_rde, fraglich..."
517;"w";39;"Hochdeutsch";"Angestellte";"Bachelor (oder Vergleichbares)";"2001-3000";3;"hohe Gewinnchancen, hohes Risiko"
518;"m";54;"Hochdeutsch";"arbeitssuchen";"Bachelor (oder Vergleichbares)";"unter1000";5;"Die Aktie hat eine hÌ¦here Schwankungsbreite (implizite VolatilitÌ_t) als der Gesamtmarkt oder andere Aktien des gleichen Sektors"
519;"m";34;"Hochdeutsch";"GeschÌ_ftsfÌ_hrer - selbststÌ_ndig";"Master, Diplom (oder Vergleichbares)";"3001-4000";5;"Es ist ein hoher Gewinn genauso wahrscheinlich wie ein hoher Verlust."
520;"m";31;"Hochdeutsch";"Audio Engineer";"Master, Diplom (oder Vergleichbares)";"1001-2000";5;"hohes Risiko kommt auch einer hohen Rendite gleich, sowie die Wahrscheinlichkeit das Investment Verlustes "
521;"m";23;"Hochdeutsch";"Werkzeugmechaniker";"Grund-, Haupt-, oder Realschule";"1001-2000";5;"Hoher gewinn oder verlust"
524;"w";35;"Hochdeutsch";"Gastronomie";"Master, Diplom (oder Vergleichbares)";"KeineAngabe";4;"Das eine Aktie hohe Gewinne, aber auch hohe Verluste abwerfen kann"
525;"m";30;"Hochdeutsch";"IT Techniker";"Grund-, Haupt-, oder Realschule";"2001-3000";4;"Hohe Kursschwankung"
526;"m";45;"KeineAngabe";"Bankkauffrau";"Grund-, Haupt-, oder Realschule";"2001-3000";5;"Wenn eine Aktie ein hohes Risiko aufweist, wÌ_rde ich sie nicht kaufen, da wahrscheinlich  Kurs-  schwankungen auftreten kÌ¦nnen, als Verlust. Davon wÌ_rde ich als nicht so risikobereiter Mensch  abraten und mir etwas Sicheres zulegen."
527;"w";40;"Hochdeutsch";"BÌ_rokauffrau";"Abitur/Matura (oder Vergleichbares)";"unter1000";4;"Wenn eine Aktie ein hohes Risiko aufweist, wÌ_rde ich sie nicht kaufen, da mit Verlusten zu rechnen ist."
528;"w";19;"Hochdeutsch";"Erzieherin";"Grund-, Haupt-, oder Realschule";"unter1000";4;"fÌ_r mich bedeutet  hohes Risiko , dass die Wahrscheinlichkeit sehr hoch ist einen Verlust zu erwirtschaften. Wahrscheinlich wird dann der Gewinn desto hÌ¦her ausfallen, dennoch ist das Risiko da, alles zu verlieren. "
530;"w";37;"Hochdeutsch";"BÌ_rofachkraft / Buchhaltung";"Abitur/Matura (oder Vergleichbares)";"unter1000";5;"Ein hohes Risiko bedeutet, dass der Aktienverlauf schwer einschÌ_tzbar ist und Verlust bzw. Gewinn einer Aktie schwer kalkulierbar sind. Ggf. droht ein Totalverlust."
531;"m";27;"Andere";"Student";"Master, Diplom (oder Vergleichbares)";"unter1000";3;"Hohes Risiko bedeutet, dass, wenn ich eine Investition mache, die Gewinnchancen hoch sind, wenn ich GlÌ_ck habe. Im Fall bin ich nicht so viel GlÌ_ck, ist die Wahrscheinlichkeit des Verlustes auch sehr hoch."
532;"m";30;"Hochdeutsch";"Fachkraft fÌ_r Lager und Logistik ";"Grund-, Haupt-, oder Realschule";"1001-2000";4;"Hohes Risiko auf Aktienmarkt bedeutet fÌ_r mich das wenn ich Aktien kaufe die vielleicht schon ein hohen Verlust aufweisen, fÌ_r mich das ich dabei mein Geld verliere  was in die Aktien investiert habe."
533;"w";48;"Hochdeutsch";"Grafiker";"Master, Diplom (oder Vergleichbares)";"1001-2000";5;"Hohes Risiko bedeutet, dass ich mein Geld verlieren kann, wenn ich diese Aktie kaufe. "
534;"w";26;"Hochdeutsch";"Medizinische Schreibkraft";"Grund-, Haupt-, oder Realschule";"1001-2000";4;"Es bedeutet, dass die Chance Geld zu verlieren hÌ¦her ist als welches zu erwirtschaften. Ich kann nur mehr verlieren als zu gewinnen. Ich wÌ_rde nicht in eine solche investieren. "
535;"w";29;"Hochdeutsch";"Im Einzelhandel Filialleitung";"Grund-, Haupt-, oder Realschule";"2001-3000";5;"ein hohes risiko heiÌÙt fÌ_r mich das es unsicher ist das man geld dabei verdient, also eher in eine aktie investieren die ein geringes risiko hat und so die einnahmen erhÌ¦ht"
536;"w";61;"Hochdeutsch";"Tierheilpraktikerin freiberuflich";"Grund-, Haupt-, oder Realschule";"unter1000";5;"man bekommt einen hohen Zinssatz angeboten - aber die Aktie kann sehr schnell an Wert verlieren"
537;"m";23;"Hochdeutsch";"Studieren";"Abitur/Matura (oder Vergleichbares)";"2001-3000";3;"Mehr gewinn."
540;"w";38;"Hochdeutsch";"Hausfrau";"Master, Diplom (oder Vergleichbares)";"KeineAngabe";4;"Aktie mit hoher VolatilitÌ_t"
542;"m";38;"Hochdeutsch";"Lektor";"Master, Diplom (oder Vergleichbares)";"2001-3000";5;"k.A.  "
543;"w";45;"Hochdeutsch";"Angestellte";"Grund-, Haupt-, oder Realschule";"unter1000";3;"das risiko fÌ_r mich, geld beim kauf dieser aktie zu verlieren ist extrem hoch"
544;"w";31;"Hochdeutsch";"Angestellter";"Bachelor (oder Vergleichbares)";"2001-3000";3;"Ich denke, dann ist der Verlust meines Geldes am hÌ¦chsten."
546;"m";56;"Hochdeutsch";"IT Consultant";"Master, Diplom (oder Vergleichbares)";"3001-4000";5;"Ich werde sie meiden."
547;"w";30;"Hochdeutsch";"Buchhalterin";"Abitur/Matura (oder Vergleichbares)";"2001-3000";4;"Hohes Risiko bedeutet, dass beim Kauf ein hoher Wertverlust enstehen, falls die Aktie in den  Keller  rutscht und sein Geld verspekuliert."
548;"m";43;"Hochdeutsch";"Beamter";"Master, Diplom (oder Vergleichbares)";"3001-4000";4;"das ihr Wert stark schwanken kann"
549;"m";31;"Hochdeutsch";"Techniker Maschinenbau";"Master, Diplom (oder Vergleichbares)";"5001-6000";3;"Ein hohes Risiko kann zu hÌ¦heren Gewinnen und Verlusten fÌ_hren."
550;"m";19;"Hochdeutsch";"SchÌ_ler";"Grund-, Haupt-, oder Realschule";"unter1000";4;"Hohes Risiko das der kurs der Aktie sinkt aber eine geringe Chance das der Kurs steigt aber man dann mehr Gewinn macht."
552;"w";39;"Hochdeutsch";"Kfm. Angestellte";"Grund-, Haupt-, oder Realschule";"KeineAngabe";4;"Stress und Angst vor Verlusten"
553;"m";51;"Hochdeutsch";"SelbststÌ_ndig";"Abitur/Matura (oder Vergleichbares)";"KeineAngabe";3;"Investment mit mÌ¦glichen hohen Verlusten, aber auch der MÌ¦glichkeit von hÌ¦heren Gewinnen. "
554;"m";36;"Hochdeutsch";"IT Manager";"Bachelor (oder Vergleichbares)";"Ã¼ber9000";3;"kein risiko  "
555;"w";43;"Hochdeutsch";"texter";"Master, Diplom (oder Vergleichbares)";"unter1000";5;"Mit einem hohen Risiko verbinde ich in erster Linie eine hohe Verlustgefahr, die auch Ì_ber einen mittleren Anlagezeitraum nicht ausgeglichen werden. FÌ_r riskant halte ich eine Investition in Aktien von Unternehmen, die sich am Markt nicht behaupten kÌ¦nnen oder deren Erfolg nicht dauerhaft erscheint."
556;"w";33;"Hochdeutsch";"Angestellte";"Grund-, Haupt-, oder Realschule";"2001-3000";3;"dass es riskant ist Aktien zu kaufen"
557;"w";27;"Hochdeutsch";"Studentin";"Bachelor (oder Vergleichbares)";"unter1000";3;"Das ich ein hohes Risikio habe mein Geld zu verlieren"
558;"m";54;"Hochdeutsch";"IT-Techniker";"Grund-, Haupt-, oder Realschule";"KeineAngabe";4;"Das ein Risiko mit der Geldanlage verbunden ist und der Wert der Anteile sehr stark schwanken kann"
560;"w";28;"Andere";"studentin";"Master, Diplom (oder Vergleichbares)";"unter1000";5;"Kleine wahrschainlichkeit zum Gewinn"
561;"m";32;"Hochdeutsch";"BÌ_rokaufmann";"Abitur/Matura (oder Vergleichbares)";"2001-3000";5;"starke Schwankungen"
563;"w";47;"Hochdeutsch";"Pornostar";"Abitur/Matura (oder Vergleichbares)";"Ã¼ber9000";5;"weiÌÙ nich"
564;"m";37;"Hochdeutsch";"Informatiker";"Bachelor (oder Vergleichbares)";"1001-2000";5;"Hohes Risiko bedeutet groÌÙe Chance Geld zu verlieren und kleine Chance Geld zu gewinnen. Niedriges Risiko bedeutet groÌÙe Chance kleines Geld zu verdienen."
565;"w";33;"Hochdeutsch";"Betriebswirtin";"Abitur/Matura (oder Vergleichbares)";"1001-2000";5;"Eine  Aktie mit hohem Risiko bedeutet eine hohe Wahrscheinlichkeit auf Verlust der Investition"
566;"w";31;"Hochdeutsch";"selbstaendig";"Bachelor (oder Vergleichbares)";"unter1000";5;"Muss Man die Aktie verkaufen.Wenn Risko ist wenig,muss man Aktie behalten."
567;"m";44;"Hochdeutsch";"GeschÌ_ftsfÌ_hrer";"Bachelor (oder Vergleichbares)";"4001-5000";4;"Ein hohes Risiko bei einer Aktie bedeutet fÌ_r mich, dass ich vorsichtig beim Kauf dieser Aktie sein muss und eventuelle Verluste schon vorher einkalkulieren muss."
568;"w";35;"Andere";"-";"Bachelor (oder Vergleichbares)";"unter1000";5;"-"
569;"w";30;"Hochdeutsch";"Technischer zeichner";"Grund-, Haupt-, oder Realschule";"1001-2000";5;"Dass man nicht vorhersehen kann ob der Aktien wert fÌ_llt oder steigt."
570;"w";38;"Hochdeutsch";"-99";"Bachelor (oder Vergleichbares)";"unter1000";4;"Je hÌ¦her das Risiko, desto hÌ¦her die Wahrscheinlichkeit eines vÌ¦lligen oder anteiligen Verlustes der Investition. "
571;"m";47;"Hochdeutsch";"SelbstÌ_ndig";"Abitur/Matura (oder Vergleichbares)";"1001-2000";4;"hÌ¦herer mÌ¦glicher Gewinn"
572;"m";35;"Hochdeutsch";"Ingenieur";"Master, Diplom (oder Vergleichbares)";"2001-3000";5;"Ein hohes Risiko bedeutet eine groÌÙe Chance Gewinn oder auch Verlust zumachen. Ein kleines Risiko bedeuted eine kleine Chance Gewinn oder Verlust zu machen."
573;"m";38;"Hochdeutsch";"KaufmÌ_nnischer Angestellter";"Grund-, Haupt-, oder Realschule";"2001-3000";5;"nicht kaufen kann zu hohen verlusten fÌ_hren"
575;"m";34;"Hochdeutsch";"Laborleiter";"Bachelor (oder Vergleichbares)";"2001-3000";4;"MÌ¦glichkeit auf Totalverlust des Kapitals"
577;"w";51;"Hochdeutsch";"Immobilienfachwirtin";"Grund-, Haupt-, oder Realschule";"unter1000";5;"Das der Wert meiner Aktie sinkt, keine Renditen erzielt werden und das Risiko eines Verlusts hoch ist."
578;"m";43;"Hochdeutsch";"Techniker";"Abitur/Matura (oder Vergleichbares)";"2001-3000";3;"Es kann zu Geldverlusten fÌ_hren."
585;"m";31;"Hochdeutsch";"Beamter";"Master, Diplom (oder Vergleichbares)";"3001-4000";5;"Gefahr der Insolvenz, GeschÌ_ftsfelder mit hohen Ausfallrisieln, hohe VolatilitÌ_t"
586;"w";22;"Hochdeutsch";"Bankkauffrau";"Abitur/Matura (oder Vergleichbares)";"1001-2000";5;"Ein hohes Risiko birgt Angst, sein Geld zu verlieren. Geringes Risiken wiegen einen eher in Sicherheit. Eine Garantie gibt es allerdings nicht bei Aktien. Ich bin eher nicht so Ì_ngstlich. Allerdings arbeite ich in der Finanzbranche und bin kein Opfer der Wirtschaftskrise."
608;"w";28;"Hochdeutsch";"Medienfachwirtin";"Grund-, Haupt-, oder Realschule";"2001-3000";4;"Ich weiÌÙ nicht"
609;"m";32;"Hochdeutsch";"Lehrer";"Master, Diplom (oder Vergleichbares)";"1001-2000";5;"Hohes Risiko heiÌÙt, groÌÙer Gewinn mÌ¦glich aber auch groÌÙer Verlust, niedtiges Risiko heiÌÙt niedriger Gewinn wahrscheinlich, kleiner Verlust mÌ¦glich"
610;"m";52;"Hochdeutsch";"Freiberufler";"Abitur/Matura (oder Vergleichbares)";"1001-2000";4;"Wenn man in eine Aktie mit hohem Risiko investiert, erwartet man einen hÌ¦heren Gewinn als bei risikoÌ_rmeren Anlagen. Man muss jedoch auch mit einem Verlust des eigenen Kapitals rechnen. Aus ethischen ÌÏberlegungen und wegen Mangels an frei verfÌ_gbarem Kapital investiere ich nicht in Aktien."
611;"w";44;"Hochdeutsch";"ÌÏbersetzerin";"Bachelor (oder Vergleichbares)";"unter1000";5;"man kauft auf einem unsicheren Markt und investiert in eine neue Firma in Asien ohne Garantie auf Gewinn, "
612;"m";30;"Hochdeutsch";"Angestellter ";"Abitur/Matura (oder Vergleichbares)";"KeineAngabe";3;"Verlust"
614;"w";53;"Hochdeutsch";"Hausfrau";"Grund-, Haupt-, oder Realschule";"KeineAngabe";4;"Ein hohes Risiko bedeutet fÌ_r mich, dass ich mit grÌ¦ÌÙtmÌ¦glichen Verlusten, aber auch Gewinnen rechnen kann."
615;"w";34;"Hochdeutsch";"Industriemechanikerin";"Grund-, Haupt-, oder Realschule";"1001-2000";5;"Ein hohes Risiko ist fÌ_r mich, wenn ich mit Verlusten rechnen muss. Und wenn sie ein niedriges Risiko aufweist, fÌ_hle ich mich als Anleger auf der sicheren Seite. Obwohl man das ja nie kann, aber besser als bei hohem Risiko."
616;"m";53;"Schweitzerdeutsch";"Unternehmer";"Bachelor (oder Vergleichbares)";"4001-5000";5;"Dass ich einerseits mein investiertes Kapital zum grossen Teil verlieren kann oderhohe Gewinne erzielen kann . "
618;"m";61;"Hochdeutsch";"SelbstÌ_ndiger Dienstleister";"Abitur/Matura (oder Vergleichbares)";"2001-3000";4;"Die Gefahr eines Teil- oder Komplettverlustes ist hoch."
619;"m";47;"Englisch";"freelancer";"Master, Diplom (oder Vergleichbares)";"1001-2000";5;"Es besteht eine relativ hohe Wahrscheinlichkeit fÌ_r Verlust oder Totalverlust."
621;"w";25;"Hochdeutsch";"-99";"Grund-, Haupt-, oder Realschule";"KeineAngabe";4;"Man kann einen groÌÙen Gewinn machen aber genauso einen groÌÙen Verlust"
623;"w";40;"Hochdeutsch";"BÌ_rokauffrau";"Grund-, Haupt-, oder Realschule";"1001-2000";5;"ein hohes Riskio heisst fÌ_r mich, dass die Aktie in den vergangenen Jahren nicht sehr stabil war."
626;"m";36;"Hochdeutsch";"Student";"Abitur/Matura (oder Vergleichbares)";"unter1000";3;"-"
627;"m";47;"Hochdeutsch";"Hausmann";"Abitur/Matura (oder Vergleichbares)";"unter1000";5;"Ein hohes Risiko wÌ_rde fÌ_r mich der Totalverlust sein."
628;"m";29;"Hochdeutsch";"Student";"Abitur/Matura (oder Vergleichbares)";"1001-2000";5;"Die Wahrscheinlichkeit, einen Verlust mit der Aktie zu erzielen bzw. einen Totalverlust, ist sehr hoch. Der Verlauf bzw. die StabilitÌ_t ist schwer vorherzusagen."
629;"w";44;"Hochdeutsch";"Medizinische Fachangestellte";"Abitur/Matura (oder Vergleichbares)";"1001-2000";5;"Ein hohes Risiko, daÌÙ die Aktie im Kurs/Wert fallen kÌ¦nnte - man sollte also in Bezug auf den Aktienkurs auf dem aktuellsten Stand bleiben und die BÌ¦rsennachrichten verfolgen."
631;"w";29;"Hochdeutsch";"SekretÌ_rin";"Abitur/Matura (oder Vergleichbares)";"1001-2000";4;"Ein hohes Risiko bedeutet fÌ_r mich, dass ich viel Geld verlieren kann."
632;"m";28;"Hochdeutsch";"Angestellte ";"Master, Diplom (oder Vergleichbares)";"5001-6000";5;"Hohe VolatilitÌ_t "
633;"w";24;"Hochdeutsch";"Personalverwaltung";"Bachelor (oder Vergleichbares)";"2001-3000";3;"Es besteht ein hohes Risiko das eingesetzte Geld zu verlieren, aber auch es zu vervielfachen"
634;"w";32;"Hochdeutsch";"Angestellte";"Abitur/Matura (oder Vergleichbares)";"1001-2000";4;"nicht kaufen"
635;"w";49;"Hochdeutsch";"Hotelfachfrau";"Grund-, Haupt-, oder Realschule";"1001-2000";5;"dann wÌ_rde ich sie nicht kaufen"
636;"w";26;"Hochdeutsch";"Marketingfachkraft";"Bachelor (oder Vergleichbares)";"1001-2000";4;"Wenn eine Aktie ein hohes Risiko aufweist, heiÌÙt das fÌ_r mich, dass der Aktienkurs des entsprechenden Unternehmens stark schwankt und/oder in letzter Zeit nur schlechte Renditen erzielt hat. Die Renditen sollten bei Aktien mit hohem Risiko hÌ¦her sein, als bei Aktien mit geringem Risiko."
638;"w";26;"Hochdeutsch";"studieren";"Abitur/Matura (oder Vergleichbares)";"unter1000";5;"man verliert mit einer hÌ¦heren Wahrscheinlichkeit, als dass man gewinnt"
640;"m";28;"Hochdeutsch";"nix";"Grund-, Haupt-, oder Realschule";"unter1000";4;"bei hohem risiko wird man wohl verluste machen und sollte die finger direkt davon lassen, bei niedrigem risiko ist es eine gute anlage"
641;"m";44;"Hochdeutsch";"Consultant";"Grund-, Haupt-, oder Realschule";"3001-4000";5;"hohe Gewinn- und aber auch VerlustmÌ¦glichkeiten"
642;"w";26;"Hochdeutsch";"finanzdienstleistungskaufmann";"Abitur/Matura (oder Vergleichbares)";"1001-2000";5;"Risiko erweckt fÌ_r mich ein gefÌ_hl von Gambling. Es ist aufregend."
643;"m";28;"Hochdeutsch";"Software-Entwickler";"Abitur/Matura (oder Vergleichbares)";"1001-2000";5;"Ein Risiko ist fÌ_r mich immer mit einer Wahscheinlichkeit verbunden die erhofften Gewinne zu erzielen. Es fasst alle Faktoren zusammen, die den Kurs einer Aktie beeinflussen."
644;"m";34;"Hochdeutsch";"Student";"Bachelor (oder Vergleichbares)";"1001-2000";5;"Die Wahrscheinlichkeit, dass ich Verluste mache, ist Ì_berdurchschnittlich hoch."
645;"w";36;"Andere";"Studentin";"Master, Diplom (oder Vergleichbares)";"unter1000";4;"ÌÏber einen Zeitraum von 1 Jahr verliere ich etwas Geld, oder ich werde weniger Geld verdienen als die Inflationsrate."
646;"w";42;"Hochdeutsch";"Softwareentwicklung";"Master, Diplom (oder Vergleichbares)";"1001-2000";5;"Unter einer Aktie mit einem hohen Risiko verstehe ich, dass die Entwicklung hinsichtlich Gewinn / Verlust sehr schwankt, es keine verlÌ_ssliche Prognose gibt und die Wahrscheinlichkeit von Verlusten sehr hoch ist.  Aktien mit niedrigem Risiko schwanken in ihren KursverlÌ_ufen weniger, es ist Ì_berschaubarer, wie die Entwicklung in den kommenden Jahren aussehen kÌ¦nnte (denke ich).  "
647;"m";24;"Hochdeutsch";"Student";"Abitur/Matura (oder Vergleichbares)";"unter1000";3;"Sollte ich mich dazu Entscheiden mein Geld fÌ_r diese Aktie zu investieren, ist die Wahrscheinlichkeit hoch, dass ich mein eingesetztes Kapital bzw. Teile davon verlieren werde. "
648;"w";35;"Hochdeutsch";"Physiotherapeutin";"Abitur/Matura (oder Vergleichbares)";"1001-2000";5;"diese Aktie ist hohen Schwankungen unterworfen und kann auch zu Verlusten fÌ_hren, allerdings auch zu hÌ¦heren Gewinnen"
649;"m";18;"Hochdeutsch";"SelbstÌ_ndig";"Master, Diplom (oder Vergleichbares)";"6001-7000";4;"Nicht kaufen."
650;"w";18;"Hochdeutsch";"Studentin";"Abitur/Matura (oder Vergleichbares)";"unter1000";3;"Ein hohes Risiko bedeutet fÌ_r mich, dass eine hohe Gefahr besteht, Geld zu verlieren statt zu erwirtschaften."
651;"m";37;"Hochdeutsch";"Unternehmer";"Master, Diplom (oder Vergleichbares)";"2001-3000";3;"Hohe VolatilitÌ_t, unbekanntes Unternehmen, geringe LiquiditÌ_t der Aktie"
653;"w";29;"Hochdeutsch";"Student";"Abitur/Matura (oder Vergleichbares)";"KeineAngabe";4;"FÌ_r mich bedeutet das, dass der Wert der Aktie schnell fallen oder steigen kann. Sowohl die Chance auf Verlust als auch auf Gewinn ist groÌÙ und gegebenenfalls auch die Kosten fÌ_r die Aktie sind hoch. Aktien mit hohem Risiko sollte man stehts im Auge behalten, damit man schnell genug handeln kann - insofern bedeutet fÌ_r mich hohes Risiko, dass sich der Wert schnell verÌ_ndern kann. In der Regel sollt eman sie verkaufen, wenn der Wert beginnt zu fallen, auÌÙer man kennt sich mit der Materie aus und versteht, warum sie fÌ_llt und kann daher mit einer gewissen Sicherheit prognostizieren, welchen Verlauf die Aktie nehmen wird. Aktien mit einem niedrigen Risiko bergen zwar stets die Gefahr eines drastischen Wertverlustes, die Gefahr ist jdeoch gering und auch der Verlauf/Abstieg in der Regel langsamer. Bei diesen Aktien muss man nicht schnell und Ì_berlegt handeln und sie durchgÌ_ngi im Auge behalten."
654;"m";39;"Hochdeutsch";"EDV";"Bachelor (oder Vergleichbares)";"2001-3000";5;"schlecht"
659;"w";34;"Hochdeutsch";"Hausfrau";"Abitur/Matura (oder Vergleichbares)";"unter1000";5;"dann investiere ich lieber weniger, weil das Risiko, das Geld zu verlieren bzw. zu verringern viel zu hoch ist. Wenn ich im Geld schwimme und risikofreudig bin, wÌ_rde ich wohl mehr investieren fÌ_r den Nervenkitzel"
660;"m";43;"Hochdeutsch";"Angestellter";"Grund-, Haupt-, oder Realschule";"KeineAngabe";5;"Ein hohes Risiko bedeutet schnelle Kursschwankungen,die nur schwer hervor zu sehen sind. "
661;"w";26;"Hochdeutsch";"Augenoptikerin ";"Abitur/Matura (oder Vergleichbares)";"1001-2000";5;"Die Verluste kÌ¦nnen hoch sein"
663;"m";28;"Hochdeutsch";"Beamter";"Master, Diplom (oder Vergleichbares)";"3001-4000";3;"Angst das eingesetzte Kapital zu verlieren."
668;"m";55;"Hochdeutsch";"Angestellter";"Abitur/Matura (oder Vergleichbares)";"1001-2000";5;"eventueller Totalverlust"
670;"m";18;"Hochdeutsch";"arbeitssuchend ";"Abitur/Matura (oder Vergleichbares)";"unter1000";5;"Dass sie schwer berechenbar ist "
671;"m";29;"Hochdeutsch";"Student";"Abitur/Matura (oder Vergleichbares)";"unter1000";3;"Wenn der Abstazmarkt vielschichtig ist in dem das Unternehmen tÌ_tig ist, birgt dies ein hÌ¦heres Risiko."
672;"m";39;"Hochdeutsch";"fremdsprachenkorrespondent";"Abitur/Matura (oder Vergleichbares)";"2001-3000";4;"Es bedeutet. dass die Wahrscheinlichkeit mit der Aktie sein Geld zu verlieren sehr hoch ist."
674;"m";23;"Hochdeutsch";"Student";"Abitur/Matura (oder Vergleichbares)";"unter1000";5;"Hohes Risiko bedeutet fÌ_r mich, dass es dem Unternehmen finanziell schlecht geht, was sich auf den Aktienkurs auswirkt"
676;"m";42;"Hochdeutsch";"http://imps-info.de.tl";"Abitur/Matura (oder Vergleichbares)";"unter1000";5;"... Es wird meistens zum Horror!!!!!!!!!!  Wenn ich mit etoro com keinen Trader kopieren kÌ¦nnte, so hÌ_tte ich schon lange komplett resigniert...  Ich muss vollkommen ungeschickt diesbezÌ_glich sein, aber alle Trader, die ich bisher kopiert habe, empfinde ich als top.  Allerdings habe ich in meiner Gesamtzeit auch selbstÌ_ndig viel mehr mit der BÌ¦rse verdient, als sie mir wieder weggenommen hat.  Hilmar Kopper hat einmal in einer TV Talkshow gesagt:  Die BÌ¦rse gibtå«s, die BÌ¦rse nimmtå«s , aber wenn man sich konzentriert und nicht all zu stupide verhÌ_lt und dran bleibt, so kann sie durchaus mehr geben als nehmen. Man darf halt nicht zu viel erwarten..."
677;"m";37;"Hochdeutsch";"Angestellter";"Master, Diplom (oder Vergleichbares)";"2001-3000";5;"das auch eine hohe Rendite erzielt werden kann"
680;"m";28;"Hochdeutsch";"Jurist";"Master, Diplom (oder Vergleichbares)";"1001-2000";4;"Nicht kaufen"
681;"w";18;"Hochdeutsch";"SchÌ_ler";"Grund-, Haupt-, oder Realschule";"KeineAngabe";5;"Wenn die Wahrscheinlichkeit, dass ich einen Gewinn mache, nicht hoch ist."
682;"w";41;"Hochdeutsch";"BÌ_rosachbearbeiter";"Abitur/Matura (oder Vergleichbares)";"1001-2000";5;"Dass die Chance groÌÙ ist, mein eingesetztes Geld zu verlieren. Allerdings auch der Gewinn sehr hoch ausfallen kann, wenn man den richtigen Verkaufszeitpunkt erwischt. "
683;"w";51;"Hochdeutsch";"Angestellte";"Abitur/Matura (oder Vergleichbares)";"1001-2000";5;"keine garantierten Gewinne, Verluste mÌ¦glich"
686;"m";34;"Schweitzerdeutsch";"Sprachlehrer";"Bachelor (oder Vergleichbares)";"5001-6000";5;"Hohe Wahrscheinlichkeit dass der Aktienkurs sinkt, aufgrund schlechter GeschÌ_ftstÌ_tigkeit des Unternehmens"
687;"m";41;"Hochdeutsch";"IT-Administrator";"Abitur/Matura (oder Vergleichbares)";"2001-3000";4;"Die mÌ¦glichkeit eines hohen Gewinnes, aber auch Totalverlust"
689;"m";25;"Hochdeutsch";"student";"Abitur/Matura (oder Vergleichbares)";"unter1000";4;"dass ein hoher verlust wahrscheinlich ist"
690;"w";37;"Hochdeutsch";"BÌ_ro";"Bachelor (oder Vergleichbares)";"KeineAngabe";5;"hohe GewinnmÌ¦glichkeiten"
692;"w";40;"Hochdeutsch";"Projektmanagerin";"Master, Diplom (oder Vergleichbares)";"1001-2000";5;"hohe Gewinne sind genauso mÌ¦glich, wie hohe Verluste  wenig StabilitÌ_t"
